﻿Name,Comentario
https://www.youtube.com/watch?v=SotLyRb8XjE&ab_channel=LeanBeefPatty,Algunas ideas para calentamiento.
https://youtu.be/ixkQaZXVQjs?si=cUs6i-VdAfMoUpIb,
https://www.google.com/url?sa=t&source=web&rct=j&opi=89978449&url=https://hsc.unm.edu/_media/pdfs/rbhomeworkoutguide2020-3.pdf&ved=2ahUKEwjI8_fOlqSCAxWSVTABHYyZATcQFnoECAEQAQ&usg=AOvVaw3uZWXOZyFXniOQtVCxWbn4,
https://youtu.be/vc1E5CfRfos?si=nkOo6ZRMBrJ7ild_,
https://www.youtube.com/watch?v=8PwoytUU06g&pp=ygUPd29ya291dCBhdCBob21l,
https://www.youtube.com/watch?v=iCQ2gC4DqJw&pp=ygUPd29ya291dCBhdCBob21l,
https://www.youtube.com/watch?v=3sEeVJEXTfY&t=49s&pp=ygUPd29ya291dCBhdCBob21l,
https://www.youtube.com/watch?v=0Grvq1Kz6L8&pp=ygUPd29ya291dCBhdCBob21l,
https://www.youtube.com/watch?v=SUq6-D_TBVQ&pp=ygUPd29ya291dCBhdCBob21l,
https://www.youtube.com/@Jaeho_Fitness,
https://greatist.com/fitness/exercises-at-home-to-build-muscle#build-muscle-with-weights,Buen artículo para ejercicios en casa. Quizá pueda considerarlo para cuando estemos en esa etapa.
https://www.youtube.com/watch?v=RN4d44hOr4o&pp=ygUMZnVsbCBzdHJldGNo,