﻿Name,Date
Upper Body A,"October 22, 2023"
UBA,"October 26, 2023"
LBA,"October 27, 2023"
UBB,"October 28, 2023"
UBA,"November 1, 2023"
UBA,"November 4, 2023"
LBA,"November 5, 2023"
UBB,"November 8, 2023"
LBB,"November 9, 2023"
UBA,"November 11, 2023"
LBA,"November 12, 2023"
UBB,"November 30, 2023"
UBA,"December 2, 2023"
LBA,"December 3, 2023"
UBA,"December 13, 2023"
LBA,"December 14, 2023"
UBB,
UBA,"January 2, 2024"
UBA,"January 17, 2024"
LBA,
UBA,"January 24, 2024"
UBB,
UBA,
LBA,
UBB,"February 3, 2024"
LBB,"February 4, 2024"
UBB,"November 15, 2023"
LBB,"November 16, 2023"
UBA,"November 25, 2023"
LBA,"November 26, 2023"