﻿Name,Observaciones
"Determinantes socioeconómicos de la mortalidad infantil en Colombia, 1993",Gran texto para la teoría base e ideas de las variables a intervenir durante el proyecto
"Percepciones sobre acceso y uso de servicios de salud
mental por parte de inmigrantes en Chile, desde la
perspectiva de trabajadores, autoridades e inmigrantes","El artículo será relevante en caso de que el equipo decida trabajar con población migrante, y sería necesario en todo caso buscar esta información para Colombia, aunque algunos de los datos pueden usarse en extrapolación."
Determinantes de la mortalidad infantil en Colombia. Path Análisis,Buen artículo para la consideración de las variables y algunos caminos de ejecución del proyecto.
"Health-care expenditures, economic
growth and infant mortality:
evidence from developed
and developing countries",Muy bueno en términos de estadísticas. Valdría la pena sacarlas todas en un documento y elaborar alguna pieza gráfica recogiéndola.
MORTALIDAD INNECESARIAMENTE PREMATURA Y SANITARIAMENTE EVITABLE EN COSTA RICA,"Artículo absolutamente irrelevante para la temática presentada. "
"Impacto de la COVID-19 en la atención sociosanitaria: el caso de las
residencias. Informe SESPAS 2022",Otro artículo inútil. No tiene nada en común con los primeros cuatro.