﻿Fecha y número,Descripción general,Estado
20/1 #1,Introducción - Repaso de conceptos generales.,Complete
24/1 #2,Socialización del reto pasado,Complete
27/1 #3,Socialización de los retos y puesta en común antes de la divergencia,Complete
31/1 #4,Socialización y preparación de la exposición.,Complete
03/2 #5,Presentaciones,Complete
07/02 #6,Últimas exposiciones y challenge #4,Complete
10/02 #7,Terminación del reto #4,Complete
14/02 #8,Presentación de certificación,Complete
17/02 #9,Finalización reto #5,Complete
21/02 #10,"Ensayo ",Complete
24/02 #11,Presentación del ensayo,Complete
28/02 #12,Problematización pt. 1,Coming soon
03/03/ #13,Presentación / Opciones,Coming soon
07/03 #14,Problematización pt. 2,Coming soon
10/03 #15,"Cuadro de problemas. ",Coming soon
Referencias,,