﻿Fecha y número,Descripción general,Estado
24/01 #1,Presentación y reto #1,Complete
25/01 #2,Finalización reto #1 y socialización.,Complete
31/01 #3,Challenge #2,Complete
01/02 #4,Socialización del reto y preguntas.,Complete
07/02 #5,Preparación de las exposiciones.,Complete
08/02 #6,Exposiciones,Complete
14/02 #7,Últimas exposiciones y reto #4,Complete
15/02 #8,Finalización del reto #4,Complete
21/02 #9,Presentación de la certificación,Complete
22/02 #10,Finalización reto 5 (CLASE PERDIDA),Complete
28/02 #11,Finalización reto 5,Complete
28/02 #11,Finalización reto 5,Coming soon
01/03 #12,"Ensayo, reto #6",Coming soon