﻿Fecha y número,Descripción general,Estado
25/01 #1,Challenge #1,Complete
27/01 #2,Examen y socialización,Complete
01/02 #3,Clase magistral - Net Zero,Complete
03/02 #4,Elaboración de posters.,Complete
08/02 #5,Challenge #3 y seguimiento de responsabilidad.,Complete
10/02 #6,Presentaciones Challenge #3,Complete
15/02 #7,"Finalización de presentaciones ",Complete
17/02 #8,Challenge #4,Complete
"22/02 #9 ",Terminación del reto #4,Complete
24/02 #10,Challenge #5,Coming soon
01/03 #11,Challenge #6: How Might We,Coming soon
03/03 #12,Challenge #6 How Might We pt 2,Coming soon