﻿Fecha y número,Descripción general,Estado
19/01 #1,Introducción,Complete
23/01 #2,Challenge #1,Complete
26/01 #3,Examen y socialización,Complete
30/01 #4,Clase magistral - Net Zero,Complete
02/02 #5,"Elaboración de póster ",Complete
06/02 #6,Desarrollo Sostenible / SDG y challenge #3,Complete
09/02 #7,Presentaciones,Complete
13/02 #8,Exposiciones y challenge #4,Complete
16/02 #9,Reto #4,Complete
20/02 #10,Reto #5: Framing a problem,Complete
23/02 #11,Reto #5: Framing a problem.,Complete
27/02 #12,How Might We,Complete
02/03 #13,How Might We pt 2,Complete
06/03 #14,"Challenge #7 Developing ideas ",Coming soon
09/03 #15,Challenge # 7 examen,Coming soon