﻿Fecha y número,Descripción general,Estado
23/01 #1,"Distribución, presentación y reto #1",Complete
27/01 #2,Presentación del challenge #1,Complete
30/01 #3,Repaso: Net-Zero y finalización de presentaciones.,Complete
03/02 #4,Challenge #2: Net-zero,Complete
06/02 #5,SDG 11,Complete
10/02 #6,Socialización del mapa y revisión periodística.,Complete
13/02 #7,SDG 11 in Col,Complete
17/02 #8,Socialización del escrito.,Complete
20/02 #9,Elaboración de la pt1 reto #5: Framing a problem.,Complete
24/02 #10,Elaboración de la pt2 reto #5,Complete
27/02 #11,How Might We? pt 1.,Complete
03/03 #12,How Might We? pt 2.,Complete
06/03 #13,Developing Ideas,Coming Soon
10/03 #13,Developing Ideas pt 2.,Coming Soon