﻿Fecha y número,Descripción general,Estado
25/01 #1,División inicial y actividad de presentación,Complete
26/01 #2,Introducción y SDG,Complete
01/02 #3,Socialización del challenge #1 y comienzo del #2.,Complete
02/02 #4,Terminar el mapa y socialización.,Complete
08/02 #5,Ver el documental,Complete
09/02 #6,Taller con el documental.,Complete
15/02 #7,"Clase magistral - Human diet and nutrition ",Complete
16/02 #8,Examen Challenge #4 - Construcción del formato de registro.,Complete
21/02 #9,Challenge #5 - Data analysis,Complete
22/02 #10,Socialización de las preguntas y el informe.,Complete
28/02 #11,Socialización de las preguntas,Coming soon
29/02 #12,Challenge #6: Anthropology of food pt1.,Coming soon
1/03 #12,Presentaciones challenge #6,Coming soon
02/03 #13,Anthropology of food pt. 2,Coming soon
08/03 #14,Elaboration and circulation,
#15,Environmental impact of food - Cátedra,
#16,Actividad X de impacto ambiental. (¿Aguacate? ¿LCA?),
#17,Formulación de objetivos,
#18,Formulación de actividades según objetivos.,
#19,Inicio - Construcción marco teórico,Incomplete
#20,Finalización del Marco teórico,Incomplete
#21,Inicio: Elaboración del primer prototipo y bosquejo,Incomplete
#22,Terminación prototipo,Incomplete
#23,Presentaciones finales,Coming soon
#24,Último día presentaciones,Coming soon
Resources,,