﻿Name,Tags
Pilos,Complete
Esparta,Complete
Astéride,Complete
Troya,Complete
Ismaro,Complete
Tierra de los lotófagos,Complete
Tierra de los cíclopes,Complete
Eolia,Complete
Telépilo de Lestrigonia,Complete
Eea,Complete
Hades / Cimeria,Complete
Isla de las Sirenas,Complete
Estrecho de Escila y Caribdis,Complete
Isla de Helios,Complete
Ogigia,Complete
Esqueria,Complete
Ítaca,Complete
Imaginación y fantasía / Bonus,Complete
Olimpo / Bonus,Complete
Unidad de contenido,
,
,