﻿Name,Tags
Ali,
Alice in Chains,Rock
Alicia Keys,Pop
Alt J,Rock
Aphex Twin,Electrónica
Apparat,Electrónica
Arcade Fire,Rock
Arctic Monkeys,Rock
Atoms for Peace,Rock
Björk,Rock
Black Coffee,Electrónica
Black Keys,Rock
Cerati,Rock
Charly García,Rock
Compasses,Salsa
Connan Mockasin,Rock
Cradle of Filth,Rock
Deep Purple,Rock
Depeche Mode,Rock
Egg,Rock
Ensamble Baquiano,Salsa
"Fatboy slim ",Electrónica
Fledwood Mac,Rock
Foals,Electrónica
Future islands,Pop
Gorillaz,Rock
Granuja,Rap
Greta Van Fleet,Rock
Hector Lavoe,Salsa
Helmet,Rock
Hendrix,Rock
Hozier,Rock
https://www.youtube.com/watch?v=1JNmz17gnMw&ab_channel=Polyphia,
https://www.youtube.com/watch?v=jo44GXrQGFE&ab_channel=SilviaPerezCruzVEVO,
https://www.youtube.com/watch?v=MBAJP-3ebDA&ab_channel=SnarkyPuppyVEVO,
https://www.youtube.com/watch?v=sYZhMaOPqjM&list=TLPQMjMwODIwMjOi_GX0rVIR1Q&index=15&ab_channel=pyaklich,
https://youtu.be/6k8es2BNloE?si=C-_hwoo0FvY8fcyu,
In Flames,Rock
Ismael Rivera,Salsa
James Blake,Electrónica
Joe Arroyo,Salsa
Jon Spenser’s Blues Explosion,Rock
Jorge Drexler,Rock
King Buffalo,Rock
King Crimson,Rock
King Gizzard and the Lizard Wizard,Rock
Koffee,Rap
Korn,Rock
Lauryn Hill,Rap
Led Zepellin,Rock
Lee Ronaldo and the Dust,Rock
Lido Pimienta,Pop
Limb Bizkit,Rock
Mars Volta,Rock
Metronomy,Rock
Michael Jackson,Pop
Muse,Rock
Narváez,Salsa
NewJeans,Pop
Nirvana,Rock
Nothing but thieves,Rock
Pearl Jam,Rock
Phantogram,Electrónica
"Phoenix ",Rock
Pink Floyd,Rock
Placebo,Rock
Portugal. The man,
Procupine Tree,Rock
Queen,Rock
Richie Ray,Salsa
Rihanna,Pop
"Sade ",Jazz
Safri Duo,Electrónica
"Sam Smith ",Pop
Slipknot,Rock
Snarky Puppy,Jazz
Soda Estéreo,Rock
Soundgarden,Rock
Storm Corrosion,Rock
System of a Down,Rock
SZA,Jazz
Tash Sultana - Notion,Rock
The Beatles,Rock
The Cure,Rock
"The Smashing Pumpkins ",Rock
Thom Yorke,Rock
Tiësto,Electrónica
Uakti,Jazz
Vulpeck,Jazz