﻿Name,Director,Año,Calificación
https://en.wikipedia.org/wiki/Angel%27s_Egg,Mamoru Oshii,1985,
Patlabor: The Movie,Mamoru Oshii,1989,
https://en.wikipedia.org/wiki/Patlabor_2:_The_Movie,Mamoru Oshii,1993,
https://en.wikipedia.org/wiki/Ghost_in_the_Shell_(1995_film),Mamoru Oshii,1995,
https://en.wikipedia.org/wiki/Ghost_in_the_Shell_2:_Innocence,Mamoru Oshii,2004,
Jin-Roh: The Wolf Brigade,Hiroyuki Okiura,1999,
Nausicaä of the Valley of the Wind,Hayao Miyazaki,1984,
https://en.m.wikipedia.org/wiki/Castle_in_the_Sky,Hayao Miyazaki,1986,
https://en.m.wikipedia.org/wiki/Grave_of_the_Fireflies,Isao Takahata,1988,
https://en.m.wikipedia.org/wiki/My_Neighbor_Totoro,Hayao Miyazaki,1988,
https://en.m.wikipedia.org/wiki/Kiki%27s_Delivery_Service,Hayao Miyazaki,1989,
https://en.m.wikipedia.org/wiki/Only_Yesterday_(1991_film),Isao Takahata,1991,
https://en.m.wikipedia.org/wiki/Porco_Rosso,Hayao Miyazaki,1992,
https://en.m.wikipedia.org/wiki/Pom_Poko,Isao Takahata,1994,
https://en.m.wikipedia.org/wiki/Whisper_of_the_Heart,"Hayao Miyazaki, Yoshifumi Kondo",1995,
Princess Mononoke,Hayao Miyazaki,1997,
https://en.m.wikipedia.org/wiki/My_Neighbors_the_Yamadas,Isao Takahata,1999,
https://en.m.wikipedia.org/wiki/Spirited_Away,Hayao Miyazaki,2001,
https://en.m.wikipedia.org/wiki/The_Cat_Returns,"Hiroyuki Morita, Reiko Yoshida",2002,2
https://en.m.wikipedia.org/wiki/Howl%27s_Moving_Castle_(film),Hayao Miyazaki,2004,3
Perfect Blue,Satoshi Kon,1997,5
Millennium Actress,Satoshi Kon,2001,4
Tokyo Godfathers,Satoshi Kon,2003,5
Paprika,Satoshi Kon,2006,4.5
https://en.m.wikipedia.org/wiki/Tales_from_Earthsea_(film),"Gorō Miyazaki, Keiko Niwa",2006,2
Akira,Katsuhiro Otomo,1988,3