﻿Equipo,Semana 9,Semana 9 presentación,"Semana 12 "
"Lucas Herrera, Daniel Mesa, Esteban Peláez, Manuel Correa","El equipo lo hizo más o menos bien durante la prueba, sin embargo, no entienden muy bien el problema, no está ubicado en Colombia, no tienen información verdaderamente valiosa alrededor del problema.","La presentación está horrible. La presentación no presenta claridad respecto a los antecedentes y las soluciones no están claras.
Falta fundamentación teórica para el proyecto. 2.5","Ajustados reto #9 y #10. Con estos ajustes se recuperan algunas notas.
5
4"
"Estefanía Marín, Luciana Osorio, Luciana Londoño, Maria Londoño",No tengo texto para calificar justificación y antecedentes.,SDG 6° Access to clean water. Falta encontrar solución innovadora. 4,"No hay ajustes para el reto #9, aún no entregan el reto #10.

3.5
3.5 
Luciana 3."
"Jerónimo Puerta, Maximiliano Betancur, Rafael Cano","El texto no contiene una sola referencia. El texto está muy incompleto y prácticamente no aporta nada de información relevante. ",Falta 3.,"Hay ajustes en el reto #10, pero no en el #9.

Maximiliano 3
Jerónimo Puerta 5
Prototype: 3.5
Rafael: 4"
"Miguel Ángel Medina, Alejandro Giraldo, Emiliano Múnera, Juan Sebastián Rendón","El texto no contiene ni una sola referencia. La información parece estar bien, y en términos de extensión también, pero no tiene ni una sola referencia. ","Toda la información está enmarcada en la pandemia. El problema está mal propuesto porque se pone como causa la pandemia, y la pandemia ya se acabó, entonces no hay problema. El problema está mal expresado, nunca lo dijeron de manera coherente. 
Campaña para ir a pescar.
Hacer más escuelas y oportunidades de empleo en los lugares pesqueros.
Falta pensar en una solución. 3.5","El reto #9 tiene correcciones, pero no las suficientes. 

La presentación se hizo principalmente en español. 3.5 

Prototipo: 5 "
"David Cano, Juan Miguel Z",El texto no tiene una sola referencia. Aún falta desarrollo en las causas y sobretodo en los antecedentes.,"No tienen clara la conexión entre algunas de las cosas que escriben y el problema.
La solución es una campaña. 4.5","No hay corrección del reto #10

Prototype: 5
Presentation: 5 "
"Simón Arévalo, Juan Jacobo y Jerónimo Restrepo",Hay una desconexión entre lo que trabajaron en el SDG y la pregunta final. No hay referencias.,,Aún hay correcciones pendientes.
"Sebastián Aristizabal, Emiliano Gómez, Jerónimo Jaramillo",El documento no cuenta con información específica del lugar en donde ocurre el problema.,A la solución le hace falta mucho enfoque. 4.5,"Según las notas recientes ajusto las notas que tenían pendientes.

Presentación 5
Prototipo 4"
"Simón Arévalo ","Para no perder lo ya consultado y avanzado, debe recordar que la investigación hecha inicialmente estaba relacionada con pobreza",,"Prototipo 4
presente 3.5"
Jerónimo Restrepo,Tenemos que ajustar el proceso de problematización juntos.,"Tiene idea, pero no tiene problema. 3.5","Tienen pendiente ajuste del reto #10. 3.5 "
"Juan Jacobo ",,Se niega a presentar. No está preparado. 0,Tienen pendiente ajuste del reto #10. 2.5