﻿Equipo,Semana 9,Semana 10,Semana 11°,Semana 12
"Samuel Osorio, Juan Andrés Rojas, Pablo Alexander, Alejandro Bedoya.","Falta claridad acerca del problema, sus causas, efectos, consecuencias. Hay que replantear la solución.
3.5","Están sin solución.
5
Pablo está castigao’",,
"Juanes Urrea, Matías Villamil",,,,
"Jacobo Rodas, Tomás Uribe",,"Tienen que cambiar su problema, que es la enorme distancia entre el lugar donde la gente vive y el lugar donde trabaja. No tienen información en el reto #7, prácticamente. ",,
"Andrés Trujillo, Bryan Brañes",,"El equipo debe cambiar su problema y volverlo sobre el precio de la vivienda, sus causas, efectos y consecuencias.  También debe de entender las estadísticas que encontraron.",,
"Daniel Londoño, Juan José López",,,Sin materiales. Sobre 3.5,