﻿Equipo,Semana 10,Semana 11
"Jose David Álvarez, Isaac Contreras, Alejandro Blandón","El examen de Isaac estuvo muy mal. ","¿Tienen alguna idea acerca de cómo podría implementarse esto en el motor del aparato?
No hay mención a las consecuencias y causas, sólo a los efectos. También sólo antecedentes. ¿Cuál es la razón por la cual la tecnología tiene tanto impacto ambiental?

3.5"
"Luciana Córdoba, Daniel Giraldo y David Álvarez",El texto de la justificación no dice nada. Es difícil aprobar porque no hicieron bien el trabajo de base. Ninguno de los dos textos responde a lo solicitado.,"No tienen claro el problema, sus causas, efectos y consecuencias."
"Simón Caparroso, Martín Castaño, Samuel Cataño, Juan Camilo Giraldo","El texto se encuentra mal elaborado e incompleto, razón por la cual no tenían oportunidad de ganar el examen. No tengo el examen de Caparroso. Entre todas las opciones interesantes que tenían, decidieron quedarse con los aviones.","5 presentación
3.5. en examen"
Juanes Posada y Camilo Arias,"Una solución quizá poco original, pero se entiende el problema.","No hay consecuencias en la exposición, ni efectos. Could we use radiation with trucks?
Eficiencia en la carga, energía renovable y reemplazo de los viejos, optimización de las vías. ¿Podría ser que esas paradas y rutas recarguen el vehículo?

5, 3.5 a Cami"
"Isabella Ramírez, Santiago Madrid, Laura Giraldo, Mariana Montoya","No hacen entrega del reto, razón por la cual no puedo calificarles el examen.","Falta causa, efectos, consecuencias.
3
Madrid 3.5"
"Santiago Rivera, Matías Arciniegas, Tomás Buriticá ",,"Causas, ¿Por qué utilizamos el vidrio? Consecuencias, ¿Cuál es el impacto ecológico? Las causas están mal explicadas porque la solución no las resuelve. 
4.5 recupera examen"
"Tomás Granada, Martín F, Martín V, Juan Diego",,3.5
"Alejandro Blandón ",,2.5
Allan David Figueredo,,5