﻿Class,Status,Date,Observaciones
#1,Complete,"August 15, 2023",Comienzo de la elaboración del survey. La clase pasada no tuve mucha oportunidad de que hablásemos de lo que dice la presentación y el reto. Hay que dedicar una parte de la próxima para aclarar lo que haga falta.
#2,Complete,"August 18, 2023",Terminar reto a partir del feedback.
#3,Complete,"August 22, 2023",Reto #24
#4,Complete,"August 25, 2023",Clase perdida por entrega de notas.
#5,Complete,"August 29, 2023",Value proposition
#6,Complete,"September 1, 2023",Value proposition
#7,Complete,"September 5, 2023",Channels & Customer relationships
#8,Complete,"September 8, 2023",Channels & Customer relationships
#9,Complete,"September 12, 2023","Key resources, key activities, key partners"
#10,Complete,"September 15, 2023","Key resources, key activities, key partners. Se propone el reto para la próxima semana. Plazo del martes, dado que la clase anterior estuvieron poniéndose al día."
#11,Complete,"September 19, 2023",Revenew streams and budget. Elaboración del formato físico del business model canva.
#12,Complete,"September 22, 2023",Revenew streams and budget
#13,Incomplete,"September 26, 2023",Modelo 3D. Reunión por grupos para la evaluación de los productos esperados. Hay que hacer una lectura y un diagnóstico inicial antes de llegar a clase.
#14,Incomplete,"September 29, 2023",Modelo 3D
#15,Incomplete,"October 3, 2023",Modelo físico
#16,Incomplete,"October 6, 2023",Modelo físico
#17,Incomplete,"October 20, 2023",Final written format & storyboard
#18,Incomplete,"October 24, 2023",Final written format & storyboard
#19,Incomplete,"October 27, 2023",Ensayo 1
#20,Incomplete,"October 31, 2023",Ensayo 1
#21,Incomplete,"November 3, 2023",Ensayo 2
#22,Incomplete,"November 7, 2023",Ensayo 2
#23,Incomplete,"November 10, 2023",
#24,Incomplete,"November 14, 2023",
#25,Incomplete,"November 17, 2023",
#26,Incomplete,"November 21, 2023",
#27,Incomplete,"November 24, 2023",