﻿Class,Status,Date,Observaciones
"#1 ",Complete,"August 15, 2023","Clase perdida por consagración "
#2,Complete,"August 16, 2023","Elaboración del storyboard. Faltaron muchos el día de hoy. "
#3,Complete,"August 22, 2023",No estoy ahí. Se asigna reto #22.
#4,Complete,"August 23, 2023","Retroalimentación de lo hecho el día anterior. Orientación, patrones generales."
#5,Complete,"August 29, 2023",Buyer persona construction
#6,Complete,"August 30, 2023",Buyer persona construction
#7,Complete,"September 5, 2023",Value proposition
#8,Complete,"September 6, 2023",Value proposition
#9,Complete,"September 12, 2023",Channels & Customer relationships
#10,Complete,"September 13, 2023",Channels & Customer relationships. Clase perdida por feria.
#11,Complete,"September 19, 2023","Key resources, key activities, key partners"
#12,Complete,"September 20, 2023","Key resources, key activities, key partners"
#13,Incomplete,"September 26, 2023",Revenew streams and budget. Elaboración del formato físico de business model canva. Tienen que llenar la sinópsis de cada grupo para ponerla en el documento de Sandra.
#14,Incomplete,"September 27, 2023",Revenew streams and budget
#15,Incomplete,"October 3, 2023",Modelo 3D. Reunión por grupos para la evaluación de los productos esperados. Hay que hacer una lectura y un diagnóstico inicial antes de llegar a clase.
#16,Incomplete,"October 4, 2023",Modelo 3D
#17,Incomplete,"October 18, 2023",Modelo físico
#19,Incomplete,"October 24, 2023",Modelo físico
#20,Incomplete,"October 25, 2023",Final written format & Storyboard
#21,Incomplete,"October 31, 2023",Final written format & Storyboard
#22,Incomplete,"November 1, 2023",Ensayo 1
#23,Incomplete,"November 7, 2023",Ensayo 1
#24,Incomplete,"November 8, 2023",Ensayo 2