﻿Class,Status,Date,Observaciones
#1,Complete,"August 16, 2023","Introducción a los conceptos básicos, presentación del reto #1. Noté buen nivel académico en los muchachos. Vamos a ver cómo les va en el examen."
#2,Complete,"August 18, 2023",Examen
#3,Complete,"August 23, 2023",Generalidades Net-Zero y Challenge #2
#4,Complete,"August 25, 2023",Clase perdida por entrega de notas.
#5,Complete,"August 30, 2023",SDGs introduction and Challenge #3
#6,Complete,"September 1, 2023",Presentations Challenge #3
#7,Complete,"September 6, 2023",Clase perdida por convivencia.
#8,Complete,"September 8, 2023",Reto #4 inicio y presentaciones pendientes.
#9,Complete,"September 13, 2023",Presentaciones pendientes y reto #5. Pérdida de clase debido a que estaba cuidando la actividad de la feria. Es necesario orientar mejor el trabajo para la próxima.
#10,Complete,"September 15, 2023","Presentaciones pendientes y reto #5. "
#11,Complete,"September 20, 2023",Reto #6 inicio
#12,Complete,"September 22, 2023",Reto #6 finalización.
#13,Complete,"September 27, 2023",Reto #7. Recapitulación de lo hecho hasta el momento.
#14,Complete,"September 29, 2023",Examen
#15,Complete,"October 4, 2023",
#16,Complete,"October 6, 2023",
#17,Complete,"October 18, 2023",Continuidad con las exposiciones. Aún hay pendientes.
#18,Complete,"October 20, 2023",Elaboración del reto #9. Continuidad con las exposiciones pendientes.
#19,Complete,"October 25, 2023",Reto #10
#20,Pending,"October 27, 2023",Finalización del reto #10 y recordatorio de maqueta para la próxima semana.
#21,Incomplete,"November 1, 2023",
#22,Incomplete,"November 3, 2023",
#23,Incomplete,"November 8, 2023",
#24,Incomplete,"November 10, 2023",
#25,Incomplete,"November 15, 2023",
#26,Incomplete,"November 17, 2023",
#27,Incomplete,"November 22, 2023",
#28,Incomplete,"November 24, 2023",
Recuperaciones tercer periodo.,Pending,,