﻿Class,Status,Date,Observaciones
#1,Complete,"August 14, 2023",Búsqueda del artículo para el reto #1
#2,Complete,"August 18, 2023",Presentaciones del reto #1
#3,Complete,"August 21, 2023",Clase perdida por día festivo.
#4,Complete,"August 25, 2023",Clase perdida por entrega de notas.
#5,Complete,"August 28, 2023",Continuación de las exposiciones pendientes. Presentación del reto #2. Aún quedan pendientes chicos por exponer.
#6,Complete,"September 1, 2023",Entrega del reto #2
#7,Complete,"September 4, 2023",Discusión artículo.
#8,Complete,"September 8, 2023",Finalización del reto 3
#9,Complete,"September 11, 2023",Reto #4
#10,Complete,"September 15, 2023",Finalización del reto #4
#11,Complete,"September 18, 2023",Reto #5
#12,Complete,"September 22, 2023",Reto #5
#13,Complete,"September 25, 2023",Clase perdida por jornada pedagógica.
#14,Complete,"September 29, 2023","Brainstorming. Está pendiente buscar una guía metodológica más concreta para el reto. "
#15,Complete,"October 2, 2023",
#16,Complete,"October 6, 2023",
#17,Complete,"October 20, 2023",Elaboración del reto #8. Se toma la decisión de que este sea el último básico.
#18,Complete,"October 23, 2023",Primer reto alto #9.
#19,Complete,"October 27, 2023",
#20,Complete,"October 30, 2023","Clase de elaboración de prototipos. Dado que la próxima semana el lunes es festivo, sólo quedan dos clases. La próxima el prototipo debe de estar listo. El equipo de Montilla no tiene proyecto."
#21,Incomplete,"November 3, 2023",
#22,Incomplete,"November 6, 2023",
#23,Incomplete,"November 10, 2023",
#24,Incomplete,"November 13, 2023",
#25,Incomplete,"November 17, 2023",
#26,Incomplete,"November 20, 2023",
,Incomplete,"November 24, 2023",