﻿Class,Status,Date,Observaciones
#1,Complete,"August 14, 2023","Los chicos terminan el reto demasiado rápido. Se sabe del uso de la inteligencia artificial. La lectura no se hace a profundidad, estamos seguros de que en realidad no hay comprensión de lo que se lee en inglés."
#2,Complete,"August 17, 2023",Se otorga un pequeño plazo adicional para la entrega del reto.
#3,Complete,"August 21, 2023",Clase perdida por lunes festivo.
#4,Complete,"August 24, 2023",Challenge #2
#5,Complete,"August 28, 2023","LCA in real life, 12th SDG Goals and Challenge #3"
#6,Complete,"August 31, 2023",Terminación Challenge #3
#7,Complete,"September 4, 2023",Challenge #4
#8,Complete,"September 7, 2023",Clase perdida por convivencia.
#9,Complete,"September 11, 2023",Asignarle grupo a Luciana Pizarro. Clase perdida por decoración de las puertas.
#10,Complete,"September 14, 2023",Clase perdida por feria.
#11,Complete,"September 18, 2023","Asignarle grupo a Luciana Pizarro. Autoevaluación: El reto en el cual se elige entre las opciones no está claro en términos de lo que ellos tienen que responder. Además, la formulación del reto #5 es confusa."
#12,Complete,"September 21, 2023",Asignarle grupo a Luciana Pizarro
#13,Complete,"September 25, 2023",Clase perdida por jornada pedagógica.
#14,Complete,"September 28, 2023",Reto #6. Recapitulación del reto #5. Yo debería de hacer un ejemplo de lo que se esperaba para el anterior reto. Buscar uno de los LCA ya realizados.
#15,Complete,"October 2, 2023",
#16,Complete,"October 5, 2023",
#17,Complete,"October 19, 2023",Examen del reto #7.
#18,Complete,"October 23, 2023",Clase interrumpida por acto cívico. Comienzo del reto #8. El dibujo y la exposición quedan para la próxima clase.
#19,Complete,"October 26, 2023",
#20,Complete,"October 30, 2023",Formato escrito del proyecto.
#21,Pending,"November 2, 2023",Finalización del formato escrito.
#22,Pending,"November 6, 2023","Presentación del prototipo. Aquellos que tienen modelos virtuales deben de mostrarlo, aquellos que tienen modelos físicos deben de ensamblar."
#23,Incomplete,"November 9, 2023",
#24,Incomplete,"November 13, 2023",
#25,Incomplete,"November 16, 2023",
#26,Incomplete,"November 20, 2023",
#27,Incomplete,"November 23, 2023",