﻿Class,Status,Date,Observaciones
#1,Complete,"August 16, 2023",Inicio del Challenge #23. Muchos tuvieron dificultades encontrando las fuentes para trabajar durante la clase. No todos exploraron de la manera esperada la página del DANE.
#2,Complete,"August 17, 2023",Fin y entrega del Challenge #23
#3,Complete,"August 23, 2023",Elaboración del reto #24
#4,Complete,"August 24, 2023",Finalización del reto #24
#5,Complete,"August 30, 2023",Value propositions
#6,Complete,"August 31, 2023",Value proposition
#7,Complete,"September 6, 2023",Channel & Customer relationships
#8,Complete,"September 7, 2023",Channel & Customer relationships
#9,Complete,"September 13, 2023","Key resources, key activities, key partners. Clase perdida por feria."
#10,Complete,"September 14, 2023","Key resources, key activities, key partners"
#11,Complete,"September 20, 2023",Revenew streams and budget. Elaboración del formato físico del Business Model Canva.
#12,Complete,"September 21, 2023",Revenew streams and budget. Se deja la realización de la cartelera para la próxima clase. Nada más media hora.
#13,Incomplete,"September 27, 2023",Modelo 3D. Media hora para la realización de la cartelera. Reunión por grupos para la evaluación de los productos esperados. Hay que hacer una lectura y un diagnóstico inicial antes de llegar a clase.
#14,Incomplete,"September 28, 2023",Modelo 3D
#15,Incomplete,"October 4, 2023",Modelo físico
#16,Incomplete,"October 5, 2023",Modelo físico
#17,Incomplete,"October 18, 2023",Final written format & storyboard
#18,Incomplete,"October 19, 2023",Final written format & storyboard
#19,Incomplete,"October 25, 2023",Ensayo 1
#20,Incomplete,"October 26, 2023",Ensayo 1
#21,Incomplete,"November 1, 2023",Ensayo 2
#22,Incomplete,"November 2, 2023",Ensayo 2
#23,Incomplete,"November 8, 2023",
#24,Incomplete,"November 9, 2023",
#25,Incomplete,"November 15, 2023",
#26,Incomplete,"November 16, 2023",
#27,Incomplete,"November 22, 2023",
#28,Incomplete,"November 23, 2023",