﻿Name,Status,Do,Due,Areas & Resources
Limpiar los exploradores atendiendo a la organización en notion,Done,"October 21, 2023","October 21, 2023",Home (Home%200a4f35a5ed3441f39e9d5e3df040d739.html)
Organizar cada área en A&R. Hacer limpieza y streamlining,Done,"October 21, 2023","October 21, 2023",Work (Work%2002a5768db49c415490756741f3d6dfce.html)
Agrupar cada una de las páginas en second brain.,Done,"October 21, 2023","October 21, 2023",Home (Home%200a4f35a5ed3441f39e9d5e3df040d739.html)
Pasar todas mis cosas a Notion,Done,"October 21, 2023","October 21, 2023",Home (Home%200a4f35a5ed3441f39e9d5e3df040d739.html)
Meditar,Done,"October 22, 2023",,
Prepararme para la evaluación de mañana,Done,"October 23, 2023","October 24, 2023",Work (Work%2002a5768db49c415490756741f3d6dfce.html)
Cita con Steven,Done,"October 23, 2023","October 23, 2023",Home (Home%200a4f35a5ed3441f39e9d5e3df040d739.html)
Calificar lo pendiente,Done,"October 23, 2023","October 23, 2023",Work (Work%2002a5768db49c415490756741f3d6dfce.html)
Hacer informe semanal,Done,"October 23, 2023","October 24, 2023",Work (Work%2002a5768db49c415490756741f3d6dfce.html)
Llamada con Samuel Mesa,Done,"October 24, 2023","October 24, 2023",Work (Work%2002a5768db49c415490756741f3d6dfce.html)
"Hacer compras ",Done,"October 24, 2023","October 23, 2023",Home (Home%200a4f35a5ed3441f39e9d5e3df040d739.html)
Lavar ropa,Done,"October 24, 2023","October 23, 2023",Home (Home%200a4f35a5ed3441f39e9d5e3df040d739.html)
Poner actividad de elaboración de póster,Done,"October 26, 2023","October 26, 2023",Work (Work%2002a5768db49c415490756741f3d6dfce.html)
Reunión Samuel Mesa,Done,"October 26, 2023",,Work (Work%2002a5768db49c415490756741f3d6dfce.html)
¿Lectura de Ixalan?,Done,"October 27, 2023","October 27, 2023",Home (Home%200a4f35a5ed3441f39e9d5e3df040d739.html)
"Compras  ",Done,"October 28, 2023",,Home (Home%200a4f35a5ed3441f39e9d5e3df040d739.html)
"Cambiar el aceite ",Done,"October 28, 2023",,Home (Home%200a4f35a5ed3441f39e9d5e3df040d739.html)
"Estudiar las canciones para el ensayo ",Done,"October 28, 2023",,Home (Home%200a4f35a5ed3441f39e9d5e3df040d739.html)
Subir cédula cosa hoja de vida.,Done,"October 28, 2023","October 28, 2023",Work (Work%2002a5768db49c415490756741f3d6dfce.html)
Sustentación de Samuel Mesa,Done,"October 31, 2023","October 31, 2023",Work (Work%2002a5768db49c415490756741f3d6dfce.html)
Exámenes periódicos,Done,"November 3, 2023","November 4, 2023",Work (Work%2002a5768db49c415490756741f3d6dfce.html)
Compensar a José Fernando.,Done,"November 3, 2023","November 3, 2023",Home (Home%200a4f35a5ed3441f39e9d5e3df040d739.html)
Preparar entrenamiento fin de semana.,Done,"November 4, 2023",,Home (Home%200a4f35a5ed3441f39e9d5e3df040d739.html)
"Lavar cobijas ",Done,"November 4, 2023",,Home (Home%200a4f35a5ed3441f39e9d5e3df040d739.html)
¿Propuesta de extra-clase?,Done,"November 4, 2023","November 7, 2023",Work (Work%2002a5768db49c415490756741f3d6dfce.html)
"Cine ",Done,"November 5, 2023",,Home (Home%200a4f35a5ed3441f39e9d5e3df040d739.html)
"Afeitarme ",Done,"November 6, 2023","November 6, 2023",Home (Home%200a4f35a5ed3441f39e9d5e3df040d739.html)
"Lavar ropa ",Done,"November 6, 2023","November 6, 2023",Home (Home%200a4f35a5ed3441f39e9d5e3df040d739.html)
Traer aromáticas,Done,"November 7, 2023","November 7, 2023",Home (Home%200a4f35a5ed3441f39e9d5e3df040d739.html)
Enviar correo preparatorio 11°,Done,"November 10, 2023",,Work (Work%2002a5768db49c415490756741f3d6dfce.html)
Taller para los que no están en feria.,Done,"November 10, 2023",,Work (Work%2002a5768db49c415490756741f3d6dfce.html)
Actualizar las notas de 9°,Done,"November 10, 2023",,Work (Work%2002a5768db49c415490756741f3d6dfce.html)
Hablar con los niños de séptimo sobre el cierre del año.,Done,"November 10, 2023","November 10, 2023",Work (Work%2002a5768db49c415490756741f3d6dfce.html)
Toque con JD,Done,"November 11, 2023",,Home (Home%200a4f35a5ed3441f39e9d5e3df040d739.html)
"Calificación Samuel Ángel y Samuel Escobar ",Done,"November 14, 2023",,Work (Work%2002a5768db49c415490756741f3d6dfce.html)
Planear ejercicio de esta semana.,Done,"November 14, 2023",,Home (Home%200a4f35a5ed3441f39e9d5e3df040d739.html)
Pagar cosas,Done,"November 15, 2023",,Home (Home%200a4f35a5ed3441f39e9d5e3df040d739.html)
Plata Ana mercado.,Done,"November 15, 2023",,Home (Home%200a4f35a5ed3441f39e9d5e3df040d739.html)
Comprar boletas,Done,"November 16, 2023",,Home (Home%200a4f35a5ed3441f39e9d5e3df040d739.html)
Lavar la pantalla.,Done,"November 16, 2023",,Home (Home%200a4f35a5ed3441f39e9d5e3df040d739.html)
Informe Semanal,Done,"November 16, 2023","November 16, 2023",Work (Work%2002a5768db49c415490756741f3d6dfce.html)
"Minas ",Done,"November 17, 2023",,Home (Home%200a4f35a5ed3441f39e9d5e3df040d739.html)
"Talleres de recuperación ",Done,"November 17, 2023",,Work (Work%2002a5768db49c415490756741f3d6dfce.html)
"Mensaje para recuperaciones ",Done,"November 17, 2023","November 17, 2023",Work (Work%2002a5768db49c415490756741f3d6dfce.html)
Ciencia local - parque de la conservación.,Done,"November 18, 2023",,Home (Home%200a4f35a5ed3441f39e9d5e3df040d739.html)
"Black Friday ",Done,"November 20, 2023",,Home (Home%200a4f35a5ed3441f39e9d5e3df040d739.html)
Organización semanal de la casa,Done,"November 23, 2023","November 9, 2023",Home (Home%200a4f35a5ed3441f39e9d5e3df040d739.html)
Cena con 11° 7:30 PM,Done,"November 25, 2023",,Work (Work%2002a5768db49c415490756741f3d6dfce.html)
Paz y salvo,Done,"December 1, 2023",,Work (Work%2002a5768db49c415490756741f3d6dfce.html)
Tokyo Godfathers película de navidad,Done,"December 1, 2023","December 1, 2023",Home (Home%200a4f35a5ed3441f39e9d5e3df040d739.html)
Club de escritura,Done,"December 3, 2023",,Home (Home%200a4f35a5ed3441f39e9d5e3df040d739.html)
"Reporte Castro ",Done,"May 19, 2025",,Work (Work%2002a5768db49c415490756741f3d6dfce.html)
Examen de 7°,Done,"May 19, 2025","May 21, 2025",Work (Work%2002a5768db49c415490756741f3d6dfce.html)
Examen de 11°,Done,"May 19, 2025","May 20, 2025",Work (Work%2002a5768db49c415490756741f3d6dfce.html)
Traer Fellowship,Done,"May 19, 2025",,Home (Home%200a4f35a5ed3441f39e9d5e3df040d739.html)
Reporte Miguel Ángel Cardona,Done,"May 21, 2025",,Work (Work%2002a5768db49c415490756741f3d6dfce.html)
Montar notas,Done,"May 21, 2025",,Work (Work%2002a5768db49c415490756741f3d6dfce.html)
Calificar los exámenes de recuperación,Done,"May 21, 2025",,Work (Work%2002a5768db49c415490756741f3d6dfce.html)
Encuesta séptimo,Done,"May 21, 2025","May 21, 2025",Work (Work%2002a5768db49c415490756741f3d6dfce.html)
Mazo de Altered,Done,"May 22, 2025 12:00 AM (GMT-5)",,Home (Home%200a4f35a5ed3441f39e9d5e3df040d739.html)
Fijarse en notas para hacer reportes,Done,"May 26, 2025",,Home (Home%200a4f35a5ed3441f39e9d5e3df040d739.html)
Seguimiento de Alejandro Castro,Done,"May 26, 2025","May 19, 2025",Work (Work%2002a5768db49c415490756741f3d6dfce.html)
"Poner nota de recuperaciones 3 para los dos. ",Done,"May 28, 2025",,Work (Work%2002a5768db49c415490756741f3d6dfce.html)
Notas para hacer reportes,Done,"June 19, 2025",,Work (Work%2002a5768db49c415490756741f3d6dfce.html)
"Visita Múnera ",Done,"June 25, 2025",,Home (Home%200a4f35a5ed3441f39e9d5e3df040d739.html)
Buscar la agenda 2025.,Done,"July 7, 2025",,Home (Home%200a4f35a5ed3441f39e9d5e3df040d739.html)
Sábado - Lasaña,Not started,"July 12, 2025",,Home (Home%200a4f35a5ed3441f39e9d5e3df040d739.html)
Leer artículos de Marci,Done,"July 28, 2025 9:00 AM (GMT-5)",,Work (Work%2002a5768db49c415490756741f3d6dfce.html)
Revisar la lista de ajustes razonables,Not started,"August 19, 2025",,Work (Work%2002a5768db49c415490756741f3d6dfce.html)
Pedir cita médica,Not started,"August 23, 2025",,Home (Home%200a4f35a5ed3441f39e9d5e3df040d739.html)
Recortar las figuras que tengo. Folder.,Not started,,,Home (Home%200a4f35a5ed3441f39e9d5e3df040d739.html)
"Purga biblioteca fin de semana  ",Not started,,,Home (Home%200a4f35a5ed3441f39e9d5e3df040d739.html)
Cardio finde,Done,,,Home (Home%200a4f35a5ed3441f39e9d5e3df040d739.html)
"12 fruits of spirit ",Not started,,,Home (Home%200a4f35a5ed3441f39e9d5e3df040d739.html)
¿Programación fin de semana?,Done,,,Home (Home%200a4f35a5ed3441f39e9d5e3df040d739.html)
Curso magisterio fin de semana,Not started,,,Home (Home%200a4f35a5ed3441f39e9d5e3df040d739.html)
Opera de fin de semana,Not started,,,Home (Home%200a4f35a5ed3441f39e9d5e3df040d739.html)
Canciones en partes de la casa - La comunidad del anillo.,Not started,,,Home (Home%200a4f35a5ed3441f39e9d5e3df040d739.html)
Planeación con el nuevo material,Not started,,,Work (Work%2002a5768db49c415490756741f3d6dfce.html)
Responder mensajes y cotización de Wilmar.,Done,,,Home (Home%200a4f35a5ed3441f39e9d5e3df040d739.html)
Contestar correos,Done,,,Work (Work%2002a5768db49c415490756741f3d6dfce.html)
Retos faltantes de 11.,Done,,,Work (Work%2002a5768db49c415490756741f3d6dfce.html)
Resumen de cómo terminan los grupos,Done,,,Home (Home%200a4f35a5ed3441f39e9d5e3df040d739.html)
Pauper,Done,,,Work (Work%2002a5768db49c415490756741f3d6dfce.html)
Recetas para los próximos días.,Done,,,Work (Work%2002a5768db49c415490756741f3d6dfce.html)
Dollar City antes o después de cine,Done,,,Home (Home%200a4f35a5ed3441f39e9d5e3df040d739.html)
Notas de Cien Años,Done,,,Home (Home%200a4f35a5ed3441f39e9d5e3df040d739.html)
Últimos videos de Seeker to Seeker,Not started,,,Home (Home%200a4f35a5ed3441f39e9d5e3df040d739.html)
Materiales de la jornada pedagógica,Done,,,Work (Work%2002a5768db49c415490756741f3d6dfce.html)
"Tareas de Mafe, anotación y seguimiento académico.",Done,,,Work (Work%2002a5768db49c415490756741f3d6dfce.html)
Calling - runes - immortal words,Done,,,Home (Home%200a4f35a5ed3441f39e9d5e3df040d739.html)
Tarea coordinación,Done,,,Work (Work%2002a5768db49c415490756741f3d6dfce.html)
"Proyectos en Z en Notion ",Done,,,Home (Home%200a4f35a5ed3441f39e9d5e3df040d739.html)
Crear retos 11 (web page),Done,,,Work (Work%2002a5768db49c415490756741f3d6dfce.html)
"Pasar por las copias ",Done,,,Work (Work%2002a5768db49c415490756741f3d6dfce.html)
"Responder a Luisa ",Done,,,Home (Home%200a4f35a5ed3441f39e9d5e3df040d739.html)
"Limpiar mi celular ",Done,,,Home (Home%200a4f35a5ed3441f39e9d5e3df040d739.html)
Responder instagram,Done,,,Home (Home%200a4f35a5ed3441f39e9d5e3df040d739.html)
Artículos 10°,Done,,,Work (Work%2002a5768db49c415490756741f3d6dfce.html)
Anunciar la maqueta próxima semana,Done,,,Work (Work%2002a5768db49c415490756741f3d6dfce.html)
Corroborar listas,Done,,,Work (Work%2002a5768db49c415490756741f3d6dfce.html)
Terminar de pasar las notas a Notion,Done,,,Home (Home%200a4f35a5ed3441f39e9d5e3df040d739.html)
"
X, clásica, libro de Buddhismo, lectura evangelio, Vinland, ¿Comic? Runas",Not started,,,Work (Work%2002a5768db49c415490756741f3d6dfce.html)
Cargar audífonos,Done,,,Work (Work%2002a5768db49c415490756741f3d6dfce.html)
Anotación de Mafe,Done,,,Work (Work%2002a5768db49c415490756741f3d6dfce.html)
Cumpleaños de Luisa,Done,,,Home (Home%200a4f35a5ed3441f39e9d5e3df040d739.html)
"Conclave, Los dos papas",Not started,,,Home (Home%200a4f35a5ed3441f39e9d5e3df040d739.html)
Altar,Not started,,,Home (Home%200a4f35a5ed3441f39e9d5e3df040d739.html)
"Aromática ",Done,,,Home (Home%200a4f35a5ed3441f39e9d5e3df040d739.html)
Regalo Raul,Done,,,Home (Home%200a4f35a5ed3441f39e9d5e3df040d739.html)
"Regalo Juan Sebastián ",Done,,,Home (Home%200a4f35a5ed3441f39e9d5e3df040d739.html)
Regalo de Ana,Done,,,Home (Home%200a4f35a5ed3441f39e9d5e3df040d739.html)
Boletas mesías.,Done,,,Home (Home%200a4f35a5ed3441f39e9d5e3df040d739.html)
"Untapped ",Done,,,Home (Home%200a4f35a5ed3441f39e9d5e3df040d739.html)
"Actividad décimo Toro ",Done,,,Work (Work%2002a5768db49c415490756741f3d6dfce.html)
"Cuadros de honor ",Done,,,Work (Work%2002a5768db49c415490756741f3d6dfce.html)
Pasar Estereopicnic a la lista de música,Done,,,Home (Home%200a4f35a5ed3441f39e9d5e3df040d739.html)
450 Semillero,Done,,,Home (Home%200a4f35a5ed3441f39e9d5e3df040d739.html)
"Cambiar notas Isabela krekeller ",Done,,,Work (Work%2002a5768db49c415490756741f3d6dfce.html)
Rúbrica para la evaluación de proyectos.,Done,,,Work (Work%2002a5768db49c415490756741f3d6dfce.html)
"Estudiar audífonos ",Done,,,Home (Home%200a4f35a5ed3441f39e9d5e3df040d739.html)
Escuchar estéreo picnic,Done,,,Home (Home%200a4f35a5ed3441f39e9d5e3df040d739.html)
Estudiantes recuperación por procesos.,Done,,,Work (Work%2002a5768db49c415490756741f3d6dfce.html)
Planeación 2024,Done,,,Work (Work%2002a5768db49c415490756741f3d6dfce.html)
Calificación de lo pendiente.,Done,,,Work (Work%2002a5768db49c415490756741f3d6dfce.html)
"No me ha contestado Diana, Agenda del mar y Juan felipe",Done,,,Home (Home%200a4f35a5ed3441f39e9d5e3df040d739.html)
Descargar las películas de LOTR,Done,,,Home (Home%200a4f35a5ed3441f39e9d5e3df040d739.html)
Tarea de jose,Done,,,Home (Home%200a4f35a5ed3441f39e9d5e3df040d739.html)
Pasar las notas de 9°,Done,,,Work (Work%2002a5768db49c415490756741f3d6dfce.html)
Pagar restaurante.,Done,,,Work (Work%2002a5768db49c415490756741f3d6dfce.html)
Himno del colegio.,Done,,,Work (Work%2002a5768db49c415490756741f3d6dfce.html)
Sistematización de experiencias - InnoBen 2023.,Done,,,Work (Work%2002a5768db49c415490756741f3d6dfce.html)
Conseguir evaluadores de InnoBen,Done,,,Work (Work%2002a5768db49c415490756741f3d6dfce.html)
Madre,Done,,,Home (Home%200a4f35a5ed3441f39e9d5e3df040d739.html)
Revisar mensaje SIATA,Done,,,Work (Work%2002a5768db49c415490756741f3d6dfce.html)
Comprar lazo,Done,,,Home (Home%200a4f35a5ed3441f39e9d5e3df040d739.html)
Observaciones y modificaciones de lo pendiente en rutina.,Done,,,Home (Home%200a4f35a5ed3441f39e9d5e3df040d739.html)
"1500 Yepes. ",Done,,,Home (Home%200a4f35a5ed3441f39e9d5e3df040d739.html)
Qué hacer con carve it,Done,,,Home (Home%200a4f35a5ed3441f39e9d5e3df040d739.html)
"Cambios en los formatos de ejercicio. Incluir estiramiento y HIIT. Incluir pull over ",Done,,,Home (Home%200a4f35a5ed3441f39e9d5e3df040d739.html)
Coursera,Done,,,Home (Home%200a4f35a5ed3441f39e9d5e3df040d739.html)
Poner nueva meditación.,Done,,,Home (Home%200a4f35a5ed3441f39e9d5e3df040d739.html)
Cuadrar la sustentación de proyecto de Samuel Mesa.,Done,,,Work (Work%2002a5768db49c415490756741f3d6dfce.html)
Comprar libro Ursula,Done,,,Home (Home%200a4f35a5ed3441f39e9d5e3df040d739.html)
"Diana Marín ",Done,,,Home (Home%200a4f35a5ed3441f39e9d5e3df040d739.html)
Mana de mis mazos,Done,,,Home (Home%200a4f35a5ed3441f39e9d5e3df040d739.html)
Estructura de la planeación 2024. Plantillas.,Done,,,Work (Work%2002a5768db49c415490756741f3d6dfce.html)
"Notas de responsabilidad ",Done,,,Work (Work%2002a5768db49c415490756741f3d6dfce.html)
"Regalo de Steven ",Done,,,Home (Home%200a4f35a5ed3441f39e9d5e3df040d739.html)
Hacer página de exercise,Done,,,Home (Home%200a4f35a5ed3441f39e9d5e3df040d739.html)
Trabajar ranking películas,Done,,,Home (Home%200a4f35a5ed3441f39e9d5e3df040d739.html)
Pasar runas,Done,,,Home (Home%200a4f35a5ed3441f39e9d5e3df040d739.html)
Pasar tareas calendario a Notion,Done,,,Work (Work%2002a5768db49c415490756741f3d6dfce.html)
Hacer inventario con salidas de campo.,Done,,,Work (Work%2002a5768db49c415490756741f3d6dfce.html)
Comenzar collage,Not started,,,Collage (Collage%2030a07b4f5732479bac65973f1c1cd833.html)