﻿Class,Status,Date,Observaciones
#9,Complete,"May 23, 2023",Entrevista con el prototipo e implementación del feedback. Reto #17
#10,Complete,"May 26, 2023",Entrevista con el prototipo e implementación del feedback. Reto #17
#11,Complete,"May 30, 2023",Descripción de actividades reto #18. Continuación en la revisión del prototipo.
#12,Complete,"June 2, 2023","Descripción de actividades reto #18. "
#13,Complete,"June 6, 2023",
#14,Complete,"June 9, 2023",
#15,Complete,"July 7, 2023",¿Elaboración del prototipo físico?
#16,Complete,,
#17,Pending,"July 21, 2023",Terminación del prototipo. Elaboración de la presentación para le encuesta.