﻿Class,Status,Date,Observaciones
Progresión general del segundo periodo,,,
#9,Complete,"May 23, 2023","Clase perdida, reto asignado para el viernes."
#10,Complete,"May 24, 2023",Clase perdida
#11,Complete,"May 30, 2023",Clase perdida ONU
#12,Complete,"May 31, 2023",Clase perdida reposición del lunes.
#13,Complete,"June 6, 2023","Sesión de feedback respecto al video enviado el viernes. Hay que pensar en actividad adicional que ellos puedan hacer durante la clase. Lo que puede hacerse es elaborar feedback escrito que ellos puedan profundizar durante la clase, y dedicar el resto de la misma a responder preguntas."
#14,Complete,"June 7, 2023",
#15,Complete,"July 5, 2023",Final written format
#16,Complete,"July 6, 2023",Final written format
#17,Complete,"July 12, 2023",¿Prototipo físico?
#18,Complete,"July 13, 2023",¿Prototipo físico?
#19,Pending,"July 25, 2023",Terminación del prototipo
#20,Pending,"July 26, 2023",Elaboración de la presentación para la encuesta de 8°