﻿Class,Status,Date,Observaciones
#9,,"May 24, 2023",
#10,Complete,"May 26, 2023",Clase perdida - Feria Nuevos Mundos
11,Complete,"June 2, 2023","Reto #6 - Cambio: modificación del reto #4 
Amplicación del número de páginas y notas al pie de página."
#12,Complete,"July 5, 2023",Challenge #7
#13,Complete,"July 7, 2023",Challenge #7
#14,Complete,"July 12, 2023",Challenge #8 Elaboración del prototipo y asesoría de los equipos. Entrega de los exámenes.
#15,Complete,"July 19, 2023",Finalización de las exposiciones
#16,Pending,"July 21, 2023",Elaboración del formato escrito para el proyecto.
,,,Evaluación proyectos 9°