﻿Class,Status,Date,Observaciones
#9,Complete,"May 22, 2023",Clase perdida - Lunes festivo
#10,Complete,"May 26, 2023",Clase perdida - Feria Nuevos Mundos.
#11,Complete,"May 29, 2023",Elaboración reto #4
#12,Complete,"May 31, 2023",Finalización reto #4
#13,Complete,"June 2, 2023",Inicio reto #5
#14,Complete,"June 5, 2023",Finalización reto #5 y comienzo reto #6
"#15 ",Complete,"July 7, 2023",Developing ideas
#16,Complete,"July 10, 2023",Examen y reto #8
#17,Complete,"July 17, 2023","Exposiciones y formato final del proyecto. "
#18,Complete,"July 21, 2023","Continuación de las exposiciones. Entrega del reto del formato escrito. Advertencia sobre la elaboración del prototipo. "
#19,Pending,"July 24, 2023",Evaluación proyectos 10°
#20,Pending,"July 28, 2023","Evaluación de proyectos, reto #10"