﻿Class,Status,Date,Observaciones
#9,Complete,"May 22, 2023",Clase perdida - Lunes festivo
#10,Complete,"May 25, 2023",Clase perdida - Feria Nuevos Mundos.
#11,Complete,"May 29, 2023",Clase perdida - Convivencia
#12,Complete,"May 31, 2023",Exposiciones reto #4
#13,Complete,"June 1, 2023",Continuación de las exposiciones.
#14,Complete,"June 5, 2023",Reto #5
#15,Complete,"June 8, 2023",Finalización y entrega reto #5
#16,Complete,"July 6, 2023",Brainstorming
#17,Complete,"July 10, 2023",Terminar reto #6.
#18,Complete,"July 13, 2023",Challenge #7
#19,Complete,"July 18, 2023",Examen
#20,Pending,"July 24, 2023",Exposiciones reto #7. Evaluación proyectos 11