﻿Class,Status,Date,Observaciones
#9,Complete,"May 24, 2023",Descripción de actividades y revisión del prototipo. Es necesario adjuntar la segunda parte al reto el miércoles. Se pone como fecha máxima de entrega hoy a las 7 de la noche.
#10,Complete,"May 25, 2023",Feria Nuevos Mundos
#11,Complete,"May 31, 2023",Clase perdida por reposición de lunes.
#12,Complete,"June 1, 2023","Acompañamiento en la elaboración del paso a paso. Feedback con cada grupo. Clase fracasada, nadie se tomó en serio la actividad. La próxima clase se sugiere la elaboración de un formato definitivo para el proyecto."
#13,Complete,"June 7, 2023",Formato final del proyecto.
#14,Complete,"June 8, 2023",Formato final del proyecto.
#15,Complete,"July 5, 2023",Aportar valor.
#16,Complete,"July 6, 2023",Aportar valor.
#17,Complete,"July 12, 2023","¿Elaboración del prototipo físico? Durante este tiempo la idea sería retomar qué es lo que tienen de diferente las cosas propuestas y lo ya existente, de tal forma que puedan dejar el proyecto en su forma final."
#18,Complete,"July 13, 2023",¿Elaboración del prototipo físico?
#19,Complete,"July 19, 2023",Terminación del prototipo físico y elaboración de la presentación para la encuesta de sexto.
#20,Pending,"August 2, 2023",Corrección del reto escrito.