﻿Name,Created,Tags
Jesús y amor.,"May 14, 2025 9:26 AM",
Versiones,"May 12, 2025 7:11 AM",
Amistad	,"May 12, 2025 7:11 AM",
Fear,"May 12, 2025 7:11 AM",
Padre,"May 12, 2025 7:10 AM",
El villano,"May 12, 2025 7:10 AM",
Infierno,"May 12, 2025 7:10 AM",
Map for personal development,"May 12, 2025 7:09 AM",
Masculine archetypes by Jung ,"May 12, 2025 7:08 AM",
One particular way of devotion to god	,"May 12, 2025 7:07 AM",
Infierno,"May 12, 2025 7:07 AM",
Tener cosas - Pessoa (ese no es el nombre del texto),"May 12, 2025 7:06 AM",
Los débiles en la fe	,"May 12, 2025 7:06 AM",
Pater noster	,"May 12, 2025 7:06 AM",
Recibir el bien y el mal,"May 12, 2025 7:06 AM",
Teofagia,"May 12, 2025 7:04 AM",
Observation,"September 5, 2023 5:30 PM",
Within me,"October 17, 2023 8:31 AM",
Litany against fear,"July 22, 2022 8:15 AM",
"PAUSE, TOD, ACHTUNG","July 22, 2022 8:15 AM",
Fleeing from god Psalm 139,"July 22, 2022 8:15 AM",
"Self control ","August 3, 2022 2:51 PM",
Mech pilot meditation,"August 29, 2023 6:30 AM",
Inescrutabilidad de Dios.,"August 29, 2023 6:31 AM",
Alianza de la vida múltiple.,"September 6, 2023 4:07 PM",
Mystical god,"October 17, 2023 8:22 AM",
Kingdom of God,"October 17, 2023 8:22 AM",
Self-knowledge,"October 17, 2023 8:23 AM",