﻿Name,Tags,Author,Year (read),Type
Words of Radiance,Incomplete,Brandon Sanderson,2025,Book
Cien Años de Soledad,Incomplete,Gabriel García Márquez,2025,
A Companion to Buddhist Philosophy,Incomplete,Steven M. Emmanuel,2025,Book
El Silmarillion,Incomplete,J. R. R. Tolkien,2024,Book
Coraline,Incomplete,Neil Gaiman,2023,Book
The Return of the King,Incomplete,J. R. R. Tolkien,2023,Book
"The Two Towers ",Incomplete,J. R. R. Tolkien,2023,Book
Divina Comedia,Incomplete,Dante Alighieri,2023,Book
I Sing the Body Electric - Frag,Complete,Walt Whitman,2025,Poem
"Canto a mí mismo ",Complete,Walt Whitman,2025,Poem
Luna congelada,Complete,Mario Benedetti,2025,Poem
Es olvido,Complete,Nicanor Parra,2025,Poem
Piedra de Sol,Complete,Octavio Paz,2025,Poem
Dune: Casa Capitular,Complete,Frank Herbert,2023,Book
La Illiada,Complete,Homero,2023,Book
"The Fellowship of the Ring ",Complete,J. R. R. Tolkien,2023,Book
La Odisea,Complete,Homero,2023,Book
The Hobbit,Complete,J. R. R. Tolkien,2023,Book
Prompt and styles,,,,