﻿Recipe,Type,Column,URL
Sopa mexicanamen,Lunch,Implementation phase,
Pastamen con salsa boloñesa,Lunch,Implementation phase,
Sopa de quesomen,Lunch,Implementation phase,
Pastamen con pico de gallo.,Lunch,Implementation phase,
Pastamen con salsa blanca,Lunch,Implementation phase,
"Chicken ramen ",Lunch,Tested,
Ajiacomén,Lunch,Implementation phase,
PreWK,Breakfast,Ideation phase,
PostWK,Any,Ideation phase,
Something with papa,Lunch,Ideation phase,
Some macarrones (?),Lunch,Ideation phase,
,,,https://twitter.com/Catalba/status/1493641026866659331?t=IuHPb6zduVVve38lzCxh2Q&s=09